varietyId,cropId,name,yield_t_ha,durationDays,notes,source_name,source_url,source_doc,page,retrieved_date,data_origin,verification_status
brri_dhan49,rice_t_aman,BRRI dhan49,5.29,140,Yield = Bangladesh national rice avg (OWID/FAOSTAT),OWID/FAOSTAT,https://ourworldindata.org/grapher/rice-yields,OWID crop yields (FAOSTAT),2024,2026-07-25,real,cross_checked
brri_dhan29,rice_boro,BRRI dhan29,5.29,160,Yield = Bangladesh national rice avg (OWID/FAOSTAT),OWID/FAOSTAT,https://ourworldindata.org/grapher/rice-yields,OWID crop yields (FAOSTAT),2024,2026-07-25,real,cross_checked
bari_gom33,wheat,BARI Gom-33,3.76,110,Yield = Bangladesh national wheat avg (OWID/FAOSTAT),OWID/FAOSTAT,https://ourworldindata.org/grapher/wheat-yields,OWID crop yields (FAOSTAT),2024,2026-07-25,real,cross_checked
hybrid_generic,maize,Hybrid Maize (generic),9.25,145,Yield = Bangladesh national maize avg (OWID/FAOSTAT),OWID/FAOSTAT,https://ourworldindata.org/grapher/maize-yields,OWID crop yields (FAOSTAT),2024,2026-07-25,real,cross_checked
bari_alu7,potato,BARI Alu-7 (Diamant),23.2,90,Yield = Bangladesh national potato avg (OWID/FAOSTAT),OWID/FAOSTAT,https://ourworldindata.org/grapher/potato-yields,OWID crop yields (FAOSTAT),2024,2026-07-25,real,cross_checked
bari_tomato15,tomato,BARI Tomato-15,55.0,100,Representative winter tomato baseline,BARI,https://bari.gov.bd,BARI Released Varieties,TODO,2026-07-24,manual,unverified
bari_sarisha14,mustard,BARI Sarisha-14,1.38,85,Yield = Bangladesh national rapeseed/mustard avg (OWID/FAOSTAT),OWID/FAOSTAT,https://ourworldindata.org/grapher/rapeseed-yields,OWID crop yields (FAOSTAT),2024,2026-07-25,real,cross_checked
bari_masur8,lentil,BARI Masur-8,1.8,110,No OWID series; national lentil yield pending transcription,BARI,https://bari.gov.bd,BARI Released Varieties,TODO,2026-07-25,manual,unverified
bari_piaj1,onion,BARI Piaj-1 (Taherpuri),12.0,120,No OWID series; national onion yield pending transcription,BARI,https://bari.gov.bd,BARI Released Varieties,TODO,2026-07-25,manual,unverified
